{
  "_id": {
    "$oid": "67f616b4f2e4e73d2aafc321"
  },
  "scenario_id": "scenario_1",
  "timestamp": "2025-04-09T01:41:56.059481",
  "relay_values": {
    "R38": {
      "TDS": 0.05,
      "pickup": 0.20863
    },
    "R29": {
      "TDS": 0.05,
      "pickup": 0.05644
    },
    "R44": {
      "TDS": 0.05,
      "pickup": 0.08649
    },
    "R14": {
      "TDS": 0.05,
      "pickup": 0.02458
    },
    "R67": {
      "TDS": 0.05,
      "pickup": 0.01229
    },
    "R46": {
      "TDS": 0.05,
      "pickup": 0.06568
    },
    "R6": {
      "TDS": 0.05,
      "pickup": 0.07601
    },
    "R8": {
      "TDS": 0.05,
      "pickup": 0.12214
    },
    "R52": {
      "TDS": 0.05,
      "pickup": 0.03886
    },
    "R39": {
      "TDS": 0.08232,
      "pickup": 0.15114
    },
    "R55": {
      "TDS": 0.11435,
      "pickup": 0.06237
    },
    "R47": {
      "TDS": 0.13495,
      "pickup": 0.06181
    },
    "R48": {
      "TDS": 0.1399,
      "pickup": 0.05915
    },
    "R10": {
      "TDS": 0.14498,
      "pickup": 0.06181
    },
    "R9": {
      "TDS": 0.14528,
      "pickup": 0.06568
    },
    "R49": {
      "TDS": 0.12724,
      "pickup": 0.03103
    },
    "R72": {
      "TDS": 0.1463,
      "pickup": 0.03489
    },
    "R11": {
      "TDS": 0.12661,
      "pickup": 0.05915
    },
    "R50": {
      "TDS": 0.15903,
      "pickup": 0.02632
    },
    "R12": {
      "TDS": 0.15584,
      "pickup": 0.03103
    },
    "R51": {
      "TDS": 0.16819,
      "pickup": 0.02458
    },
    "R13": {
      "TDS": 0.15459,
      "pickup": 0.02632
    },
    "R34": {
      "TDS": 0.11209,
      "pickup": 0.07708
    },
    "R53": {
      "TDS": 0.13725,
      "pickup": 0.03445
    },
    "R15": {
      "TDS": 0.15493,
      "pickup": 0.03886
    },
    "R54": {
      "TDS": 0.15066,
      "pickup": 0.03002
    },
    "R16": {
      "TDS": 0.14657,
      "pickup": 0.03445
    },
    "R73": {
      "TDS": 0.16516,
      "pickup": 0.02322
    },
    "R17": {
      "TDS": 0.14473,
      "pickup": 0.03002
    },
    "R32": {
      "TDS": 0.17522,
      "pickup": 0.01862
    },
    "R36": {
      "TDS": 0.15015,
      "pickup": 0.02322
    },
    "R56": {
      "TDS": 0.1162,
      "pickup": 0.06174
    },
    "R57": {
      "TDS": 0.13987,
      "pickup": 0.06191
    },
    "R19": {
      "TDS": 0.15776,
      "pickup": 0.06174
    },
    "R18": {
      "TDS": 0.18949,
      "pickup": 0.06237
    },
    "R1": {
      "TDS": 0.15892,
      "pickup": 0.20863
    },
    "R40": {
      "TDS": 0.1294,
      "pickup": 0.06892
    },
    "R59": {
      "TDS": 0.0686,
      "pickup": 0.08661
    },
    "R2": {
      "TDS": 0.15069,
      "pickup": 0.15114
    },
    "R58": {
      "TDS": 0.13014,
      "pickup": 0.03321
    },
    "R33": {
      "TDS": 0.15868,
      "pickup": 0.02969
    },
    "R20": {
      "TDS": 0.13812,
      "pickup": 0.06191
    },
    "R35": {
      "TDS": 0.14378,
      "pickup": 0.03489
    },
    "R21": {
      "TDS": 0.14215,
      "pickup": 0.03321
    },
    "R70": {
      "TDS": 0.15509,
      "pickup": 0.02969
    },
    "R7": {
      "TDS": 0.1336,
      "pickup": 0.08649
    },
    "R45": {
      "TDS": 0.10611,
      "pickup": 0.12214
    },
    "R60": {
      "TDS": 0.10987,
      "pickup": 0.07999
    },
    "R61": {
      "TDS": 0.14297,
      "pickup": 0.0529
    },
    "R23": {
      "TDS": 0.14442,
      "pickup": 0.07999
    },
    "R22": {
      "TDS": 0.16375,
      "pickup": 0.08661
    },
    "R74": {
      "TDS": 0.16201,
      "pickup": 0.03618
    },
    "R24": {
      "TDS": 0.14622,
      "pickup": 0.0529
    },
    "R28": {
      "TDS": 0.13804,
      "pickup": 0.04489
    },
    "R66": {
      "TDS": 0.08848,
      "pickup": 0.05644
    },
    "R37": {
      "TDS": 0.1552,
      "pickup": 0.03618
    },
    "R63": {
      "TDS": 0.12776,
      "pickup": 0.05371
    },
    "R64": {
      "TDS": 0.13432,
      "pickup": 0.04922
    },
    "R26": {
      "TDS": 0.16327,
      "pickup": 0.05371
    },
    "R25": {
      "TDS": 0.16689,
      "pickup": 0.0582
    },
    "R65": {
      "TDS": 0.14975,
      "pickup": 0.04489
    },
    "R27": {
      "TDS": 0.1507,
      "pickup": 0.04922
    },
    "R41": {
      "TDS": 0.13334,
      "pickup": 0.06398
    },
    "R3": {
      "TDS": 0.17369,
      "pickup": 0.06892
    },
    "R68": {
      "TDS": 0.19598,
      "pickup": 0.00647
    },
    "R30": {
      "TDS": 0.18635,
      "pickup": 0.01229
    },
    "R69": {
      "TDS": 0.14578,
      "pickup": 0.01862
    },
    "R31": {
      "TDS": 0.22251,
      "pickup": 0.00647
    },
    "R42": {
      "TDS": 0.14016,
      "pickup": 0.06264
    },
    "R4": {
      "TDS": 0.16704,
      "pickup": 0.06398
    },
    "R43": {
      "TDS": 0.12753,
      "pickup": 0.07601
    },
    "R62": {
      "TDS": 0.10217,
      "pickup": 0.0582
    },
    "R5": {
      "TDS": 0.15169,
      "pickup": 0.06264
    },
    "R71": {
      "TDS": 0.06464,
      "pickup": 0.07708
    }
  }
}