{
    "scenario_id": "scenario_1",
    "optimized_relay_values": {
        "R15": {
            "TDS": 1.00559,
            "pickup": 0.01128
        },
        "R9": {
            "TDS": 0.64413,
            "pickup": 0.09933
        },
        "R58": {
            "TDS": 0.9819,
            "pickup": 0.01191
        },
        "R35": {
            "TDS": 0.42691,
            "pickup": 0.19723
        },
        "R51": {
            "TDS": 0.77399,
            "pickup": 0.02078
        },
        "R45": {
            "TDS": 0.83242,
            "pickup": 0.04564
        },
        "R41": {
            "TDS": 0.29561,
            "pickup": 0.74864
        },
        "R2": {
            "TDS": 1.23584,
            "pickup": 0.03006
        },
        "R6": {
            "TDS": 0.07939,
            "pickup": 1.61454
        },
        "R5": {
            "TDS": 1.3257,
            "pickup": 0.012
        },
        "R11": {
            "TDS": 1.05663,
            "pickup": 0.01071
        },
        "R16": {
            "TDS": 0.50344,
            "pickup": 0.12196
        },
        "R8": {
            "TDS": 0.80698,
            "pickup": 0.02175
        },
        "R60": {
            "TDS": 0.65607,
            "pickup": 0.11312
        },
        "R27": {
            "TDS": 0.53257,
            "pickup": 0.18302
        },
        "R42": {
            "TDS": 0.93348,
            "pickup": 0.01587
        },
        "R71": {
            "TDS": 0.70348,
            "pickup": 0.02097
        },
        "R52": {
            "TDS": 0.83274,
            "pickup": 0.02296
        },
        "R54": {
            "TDS": 0.50516,
            "pickup": 0.022
        },
        "R23": {
            "TDS": 0.6266,
            "pickup": 0.16898
        },
        "R30": {
            "TDS": 0.48171,
            "pickup": 0.11336
        },
        "R63": {
            "TDS": 0.055,
            "pickup": 1.58803
        },
        "R49": {
            "TDS": 0.99194,
            "pickup": 0.0102
        },
        "R64": {
            "TDS": 0.70894,
            "pickup": 0.0106
        },
        "R72": {
            "TDS": 1.05614,
            "pickup": 0.01
        },
        "R68": {
            "TDS": 1.05196,
            "pickup": 0.01
        },
        "R65": {
            "TDS": 0.23878,
            "pickup": 0.38219
        },
        "R13": {
            "TDS": 0.73657,
            "pickup": 0.02777
        },
        "R29": {
            "TDS": 0.5247,
            "pickup": 0.12055
        },
        "R39": {
            "TDS": 1.08083,
            "pickup": 0.0278
        },
        "R55": {
            "TDS": 0.81255,
            "pickup": 0.13098
        },
        "R59": {
            "TDS": 0.86472,
            "pickup": 0.05159
        },
        "R70": {
            "TDS": 0.89997,
            "pickup": 0.03919
        },
        "R74": {
            "TDS": 0.31496,
            "pickup": 0.27485
        },
        "R19": {
            "TDS": 0.43548,
            "pickup": 0.87427
        },
        "R46": {
            "TDS": 0.63275,
            "pickup": 0.06748
        },
        "R17": {
            "TDS": 0.83631,
            "pickup": 0.01679
        },
        "R28": {
            "TDS": 1.08255,
            "pickup": 0.0105
        },
        "R40": {
            "TDS": 1.11374,
            "pickup": 0.01856
        },
        "R66": {
            "TDS": 1.15989,
            "pickup": 0.01194
        },
        "R56": {
            "TDS": 0.88076,
            "pickup": 0.02472
        },
        "R53": {
            "TDS": 0.42393,
            "pickup": 0.03052
        },
        "R37": {
            "TDS": 0.96138,
            "pickup": 0.01062
        },
        "R67": {
            "TDS": 0.70249,
            "pickup": 0.05746
        },
        "R62": {
            "TDS": 1.10587,
            "pickup": 0.01283
        },
        "R26": {
            "TDS": 1.08749,
            "pickup": 0.01612
        },
        "R18": {
            "TDS": 1.24349,
            "pickup": 0.02888
        },
        "R25": {
            "TDS": 0.8527,
            "pickup": 0.03172
        },
        "R20": {
            "TDS": 1.10584,
            "pickup": 0.01209
        },
        "R1": {
            "TDS": 0.95892,
            "pickup": 0.2864
        },
        "R44": {
            "TDS": 0.28178,
            "pickup": 0.37869
        },
        "R32": {
            "TDS": 0.5868,
            "pickup": 0.01939
        },
        "R38": {
            "TDS": 0.05,
            "pickup": 0.18481
        },
        "R4": {
            "TDS": 0.7503,
            "pickup": 0.11955
        },
        "R10": {
            "TDS": 0.53299,
            "pickup": 0.08398
        },
        "R69": {
            "TDS": 0.90298,
            "pickup": 0.0131
        },
        "R33": {
            "TDS": 1.09112,
            "pickup": 0.01093
        },
        "R22": {
            "TDS": 1.13061,
            "pickup": 0.03209
        },
        "R24": {
            "TDS": 0.57003,
            "pickup": 0.12902
        },
        "R31": {
            "TDS": 0.72895,
            "pickup": 0.01153
        },
        "R61": {
            "TDS": 0.81646,
            "pickup": 0.02963
        },
        "R47": {
            "TDS": 0.58006,
            "pickup": 0.06296
        },
        "R7": {
            "TDS": 1.01027,
            "pickup": 0.02195
        },
        "R3": {
            "TDS": 0.95707,
            "pickup": 0.04834
        },
        "R43": {
            "TDS": 1.04687,
            "pickup": 0.01364
        },
        "R50": {
            "TDS": 0.79852,
            "pickup": 0.02139
        },
        "R34": {
            "TDS": 1.04827,
            "pickup": 0.02586
        },
        "R12": {
            "TDS": 0.5655,
            "pickup": 0.10475
        },
        "R73": {
            "TDS": 0.49989,
            "pickup": 0.02976
        },
        "R48": {
            "TDS": 0.32161,
            "pickup": 0.25842
        },
        "R57": {
            "TDS": 0.49349,
            "pickup": 0.147
        },
        "R14": {
            "TDS": 0.90071,
            "pickup": 0.02917
        },
        "R36": {
            "TDS": 0.99388,
            "pickup": 0.0108
        },
        "R21": {
            "TDS": 0.63254,
            "pickup": 0.11772
        }
    }
}