{
  "_id": {
    "$oid": "67f04c9a944c8dd4d92fc6ca"
  },
  "scenario_id": "scenario_20",
  "timestamp": "2025-04-04T16:18:18.761980",
  "relay_values": {
    "R46": {
      "TDS": 0.05,
      "pickup": 0.07527
    },
    "R67": {
      "TDS": 0.05,
      "pickup": 0.02462
    },
    "R52": {
      "TDS": 0.05,
      "pickup": 0.04782
    },
    "R44": {
      "TDS": 0.05,
      "pickup": 0.12894
    },
    "R14": {
      "TDS": 0.05,
      "pickup": 0.02499
    },
    "R38": {
      "TDS": 0.05,
      "pickup": 0
    },
    "R6": {
      "TDS": 0.05,
      "pickup": 0.10214
    },
    "R29": {
      "TDS": 0.05,
      "pickup": 0.0088
    },
    "R8": {
      "TDS": 0.05,
      "pickup": 0.16404
    },
    "R39": {
      "TDS": 0.15103,
      "pickup": 0.02476
    },
    "R55": {
      "TDS": 0.12192,
      "pickup": 0.03226
    },
    "R47": {
      "TDS": 0.09385,
      "pickup": 0.07107
    },
    "R48": {
      "TDS": 0.10119,
      "pickup": 0.06733
    },
    "R10": {
      "TDS": 0.12466,
      "pickup": 0.07107
    },
    "R9": {
      "TDS": 0.12504,
      "pickup": 0.07527
    },
    "R49": {
      "TDS": 0.1159,
      "pickup": 0.03103
    },
    "R72": {
      "TDS": 0.09689,
      "pickup": 0.03475
    },
    "R11": {
      "TDS": 0.10832,
      "pickup": 0.06733
    },
    "R50": {
      "TDS": 0.14019,
      "pickup": 0.02637
    },
    "R12": {
      "TDS": 0.13602,
      "pickup": 0.03103
    },
    "R51": {
      "TDS": 0.14798,
      "pickup": 0.02499
    },
    "R13": {
      "TDS": 0.13442,
      "pickup": 0.02637
    },
    "R34": {
      "TDS": 0.09686,
      "pickup": 0.08006
    },
    "R53": {
      "TDS": 0.09781,
      "pickup": 0.04428
    },
    "R15": {
      "TDS": 0.13401,
      "pickup": 0.04782
    },
    "R54": {
      "TDS": 0.11381,
      "pickup": 0.04089
    },
    "R16": {
      "TDS": 0.12593,
      "pickup": 0.04428
    },
    "R73": {
      "TDS": 0.12534,
      "pickup": 0.03559
    },
    "R17": {
      "TDS": 0.12305,
      "pickup": 0.04089
    },
    "R32": {
      "TDS": 0.13179,
      "pickup": 0.03149
    },
    "R36": {
      "TDS": 0.12464,
      "pickup": 0.03559
    },
    "R56": {
      "TDS": 0.11988,
      "pickup": 0.03853
    },
    "R57": {
      "TDS": 0.13003,
      "pickup": 0.04497
    },
    "R19": {
      "TDS": 0.11666,
      "pickup": 0.03853
    },
    "R18": {
      "TDS": 0.13835,
      "pickup": 0.03226
    },
    "R1": {
      "TDS": 0.05,
      "pickup": 0
    },
    "R40": {
      "TDS": 0.12805,
      "pickup": 0.03168
    },
    "R59": {
      "TDS": 0.07349,
      "pickup": 0.04438
    },
    "R2": {
      "TDS": 0.12553,
      "pickup": 0.02476
    },
    "R58": {
      "TDS": 0.12081,
      "pickup": 0.02887
    },
    "R33": {
      "TDS": 0.13639,
      "pickup": 0.02545
    },
    "R20": {
      "TDS": 0.07601,
      "pickup": 0.04497
    },
    "R35": {
      "TDS": 0.12732,
      "pickup": 0.03475
    },
    "R21": {
      "TDS": 0.09457,
      "pickup": 0.02887
    },
    "R70": {
      "TDS": 0.27724,
      "pickup": 0.02545
    },
    "R7": {
      "TDS": 0.05,
      "pickup": 0.12894
    },
    "R45": {
      "TDS": 0.09664,
      "pickup": 0.16404
    },
    "R60": {
      "TDS": 0.11488,
      "pickup": 0.03708
    },
    "R61": {
      "TDS": 0.21493,
      "pickup": 0.00619
    },
    "R23": {
      "TDS": 0.10991,
      "pickup": 0.03708
    },
    "R22": {
      "TDS": 0.13045,
      "pickup": 0.04438
    },
    "R74": {
      "TDS": 0.12024,
      "pickup": 0.03014
    },
    "R24": {
      "TDS": 0.20659,
      "pickup": 0.00619
    },
    "R28": {
      "TDS": 0.10981,
      "pickup": 0.0389
    },
    "R66": {
      "TDS": 0.16646,
      "pickup": 0.0088
    },
    "R37": {
      "TDS": 0.11086,
      "pickup": 0.03014
    },
    "R63": {
      "TDS": 0.0921,
      "pickup": 0.04783
    },
    "R64": {
      "TDS": 0.10177,
      "pickup": 0.04328
    },
    "R26": {
      "TDS": 0.13432,
      "pickup": 0.04783
    },
    "R25": {
      "TDS": 0.13495,
      "pickup": 0.05238
    },
    "R65": {
      "TDS": 0.12203,
      "pickup": 0.0389
    },
    "R27": {
      "TDS": 0.12564,
      "pickup": 0.04328
    },
    "R41": {
      "TDS": 0.12399,
      "pickup": 0.04123
    },
    "R3": {
      "TDS": 0.13702,
      "pickup": 0.03168
    },
    "R68": {
      "TDS": 0.13424,
      "pickup": 0.02383
    },
    "R30": {
      "TDS": 0.14158,
      "pickup": 0.02462
    },
    "R69": {
      "TDS": 0.12317,
      "pickup": 0.03149
    },
    "R31": {
      "TDS": 0.14598,
      "pickup": 0.02383
    },
    "R42": {
      "TDS": 0.12762,
      "pickup": 0.0459
    },
    "R4": {
      "TDS": 0.11896,
      "pickup": 0.04123
    },
    "R43": {
      "TDS": 0.09687,
      "pickup": 0.10214
    },
    "R62": {
      "TDS": 0.06915,
      "pickup": 0.05238
    },
    "R5": {
      "TDS": 0.10404,
      "pickup": 0.0459
    },
    "R71": {
      "TDS": 0.05,
      "pickup": 0.08006
    }
  }
}